Title,URL handle,Description,Vendor,Product category,Type,Tags,Published on online store,Status,SKU,Option1 name,Option1 value,Price,Compare-at price,Charge tax,Inventory tracker,Inventory quantity,Continue selling when out of stock,Weight value (grams),Weight unit for display,Requires shipping,Fulfillment service,Product image URL,Image position,Image alt text,Gift card,SEO title,SEO description
Velvet Vampire Cape,velvet-vampire-cape,"<p>A floor-length cape in soft black velvet with a blood-red satin lining and a dramatic stand-up collar. Fastens with a ribbon tie.</p><ul><li>Velvet outer, satin lining</li><li>Hand wash cold</li></ul>",Lanterne Party Co.,,Costume,"costume, vampire, adult",TRUE,active,VELVET-VAMPIRE-CAP-1,Size,S/M,39.00,49.00,TRUE,shopify,12,DENY,400,g,TRUE,manual,,,,FALSE,,
,velvet-vampire-cape,,,,,,,,VELVET-VAMPIRE-CAP-2,,L/XL,39.00,49.00,TRUE,shopify,9,DENY,400,g,TRUE,manual,,,,,,
Witch Hat with Satin Band,witch-hat-satin-band,"<p>A tall, wide-brimmed witch hat with a soft wired brim and a satin band. Fits most adults.</p>",Lanterne Party Co.,,Accessory,"accessory, witch, hat",TRUE,active,WITCH-HAT-SATIN-BA-1,Size,One size,24.00,,TRUE,shopify,20,DENY,400,g,TRUE,manual,,,,FALSE,,
Skeleton Costume for Kids,skeleton-costume-kids,<p>A soft jersey jumpsuit printed with a glow-in-the-dark skeleton. Comfortable enough for a whole night of trick-or-treating.</p>,Lanterne Party Co.,,Costume,"costume, kids, skeleton",TRUE,active,SKELETON-COSTUME-K-1,Size,4-6 years,29.00,,TRUE,shopify,10,DENY,400,g,TRUE,manual,,,,FALSE,,
,skeleton-costume-kids,,,,,,,,SKELETON-COSTUME-K-2,,7-9 years,29.00,,TRUE,shopify,8,DENY,400,g,TRUE,manual,,,,,,
,skeleton-costume-kids,,,,,,,,SKELETON-COSTUME-K-3,,10-12 years,29.00,,TRUE,shopify,6,DENY,400,g,TRUE,manual,,,,,,
Venetian Masquerade Mask,venetian-masquerade-mask,"<p>A lightweight half mask with filigree details and satin ribbons, inspired by the carnival of Venice.</p>",Lanterne Party Co.,,Mask,"mask, masquerade, accessory",TRUE,active,VENETIAN-MASQUERAD-1,Color,Black,19.00,,TRUE,shopify,15,DENY,400,g,TRUE,manual,,,,FALSE,,
,venetian-masquerade-mask,,,,,,,,VENETIAN-MASQUERAD-2,,Gold,19.00,,TRUE,shopify,11,DENY,400,g,TRUE,manual,,,,,,
Plague Doctor Mask,plague-doctor-mask,<p>A sculpted faux-leather plague doctor mask with tinted lenses and an adjustable strap.</p>,Lanterne Party Co.,,Mask,"mask, adult",TRUE,active,PLAGUE-DOCTOR-MASK-1,Size,One size,34.00,,TRUE,shopify,7,DENY,400,g,TRUE,manual,,,,FALSE,,
LED Pumpkin Lantern,led-pumpkin-lantern,"<p>A carved pumpkin lantern with a warm flickering LED. Safe indoors and out, with a six-hour timer.</p>",Lanterne Party Co.,,Decoration,"decoration, pumpkin, light",TRUE,active,LED-PUMPKIN-LANTER-1,Size,Small,22.00,,TRUE,shopify,14,DENY,400,g,TRUE,manual,,,,FALSE,,
,led-pumpkin-lantern,,,,,,,,LED-PUMPKIN-LANTER-2,,Large,32.00,,TRUE,shopify,9,DENY,400,g,TRUE,manual,,,,,,
Black Feather Boa,black-feather-boa,"<p>A full, soft feather boa to finish any costume, from vintage glam to dark witch.</p>",Lanterne Party Co.,,Accessory,"accessory, feather",TRUE,active,BLACK-FEATHER-BOA-1,Size,One size,14.00,,TRUE,shopify,25,DENY,400,g,TRUE,manual,,,,FALSE,,
Gothic Candelabra,gothic-candelabra,<p>A five-arm cast metal candelabra with an antique black finish. Holds standard taper candles.</p>,Lanterne Party Co.,,Decoration,"decoration, candles",TRUE,active,GOTHIC-CANDELABRA-1,Size,One size,45.00,,TRUE,shopify,5,DENY,400,g,TRUE,manual,,,,FALSE,,
Spider Web Table Runner,spider-web-table-runner,<p>A black lace table runner with a spider web pattern for spooky dinner parties.</p>,Lanterne Party Co.,,Decoration,"decoration, table",TRUE,active,SPIDER-WEB-TABLE-R-1,Size,180 cm,18.00,,TRUE,shopify,18,DENY,400,g,TRUE,manual,,,,FALSE,,
Haunted House Party Kit,haunted-house-party-kit,"<p>Everything for a haunted house party: garlands, table cards, candles, balloons and a playlist card.</p>",Lanterne Party Co.,,Party kit,"party, kit, decoration",TRUE,active,HAUNTED-HOUSE-PART-1,Size,12 guests,59.00,69.00,TRUE,shopify,6,DENY,400,g,TRUE,manual,,,,FALSE,,
Glow-in-the-Dark Skeleton Garland,glow-skeleton-garland,<p>A three-meter garland of little skeletons that glow softly after dark.</p>,Lanterne Party Co.,,Decoration,"decoration, garland, kids",TRUE,active,GLOW-SKELETON-GARL-1,Size,3 m,16.00,,TRUE,shopify,0,DENY,400,g,TRUE,manual,,,,FALSE,,
Witch Broom Decoration,witch-broom-decoration,"<p>A rustic broom made with natural twigs, perfect by the front door or as a photo prop.</p>",Lanterne Party Co.,,Decoration,"decoration, witch",TRUE,active,WITCH-BROOM-DECORA-1,Size,One size,27.00,,TRUE,shopify,10,DENY,400,g,TRUE,manual,,,,FALSE,,
Pirate Captain Costume,pirate-captain-costume,"<p>A complete pirate captain costume: coat, waistcoat, sash and tricorn hat.</p>",Lanterne Party Co.,,Costume,"costume, pirate, adult",TRUE,active,PIRATE-CAPTAIN-COS-1,Size,S,54.00,,TRUE,shopify,4,DENY,400,g,TRUE,manual,,,,FALSE,,
,pirate-captain-costume,,,,,,,,PIRATE-CAPTAIN-COS-2,,M,54.00,,TRUE,shopify,6,DENY,400,g,TRUE,manual,,,,,,
,pirate-captain-costume,,,,,,,,PIRATE-CAPTAIN-COS-3,,L,54.00,,TRUE,shopify,3,DENY,400,g,TRUE,manual,,,,,,
Bat Wing Headband,bat-wing-headband,<p>A comfortable headband with velvet bat wings. A quick costume for kids and adults.</p>,Lanterne Party Co.,,Accessory,"accessory, kids, bat",TRUE,active,BAT-WING-HEADBAND-1,Size,One size,12.00,,TRUE,shopify,30,DENY,400,g,TRUE,manual,,,,FALSE,,
