Handle,Title,Body (HTML),Vendor,Type,Tags,Published,Option1 Name,Option1 Value,Variant SKU,Variant Grams,Variant Inventory Tracker,Variant Inventory Qty,Variant Inventory Policy,Variant Fulfillment Service,Variant Price,Variant Compare At Price,Variant Requires Shipping,Variant Taxable,Image Src,Image Position,Image Alt Text,Gift Card,SEO Title,SEO Description,Variant Weight Unit,Status
petit-sorcier,Costume de petit sorcier,"<p>Robe violette à étoiles dorées, ceinture et chapeau pointu assorti. Un tissu doux et lavable pour des soirées d’Halloween sans inconfort.</p><ul><li>Robe, ceinture et chapeau inclus</li><li>Polyester doux, lavable en machine à 30 °C</li><li>Tailles 4 à 12 ans</li></ul>",Lanterne Démo,Costumes enfants,"costumes-enfants, halloween",TRUE,Taille,4-6 ans,SORC-46,450,shopify,12,deny,manual,29.90,,TRUE,TRUE,,,,FALSE,Costume de petit sorcier | Lanterne,"Robe violette à étoiles dorées, ceinture et chapeau pointu assorti. Un tissu doux et lavable pour des soirées d’Halloween sans inconfort.",g,active
petit-sorcier,,,,,,,Taille,7-9 ans,SORC-79,450,shopify,15,deny,manual,29.90,,TRUE,TRUE,,,,,,,g,
petit-sorcier,,,,,,,Taille,10-12 ans,SORC-1012,450,shopify,9,deny,manual,32.90,,TRUE,TRUE,,,,,,,g,
citrouille-calin,Costume de citrouille câline,"<p>Combinaison orange rembourrée avec capuche à tige verte. Chaude, confortable et irrésistible pour les plus petits.</p><ul><li>Combinaison zippée</li><li>Capuche à tige amovible</li><li>Tailles 2 à 5 ans</li></ul>",Lanterne Démo,Costumes enfants,"costumes-enfants, halloween",TRUE,Taille,2-3 ans,CITR-23,400,shopify,10,deny,manual,24.90,,TRUE,TRUE,,,,FALSE,Costume de citrouille câline | Lanterne,"Combinaison orange rembourrée avec capuche à tige verte. Chaude, confortable et irrésistible pour les plus petits.",g,active
citrouille-calin,,,,,,,Taille,4-5 ans,CITR-45,400,shopify,10,deny,manual,24.90,,TRUE,TRUE,,,,,,,g,
mini-vampire,Cape de mini vampire,"<p>Cape noire à col haut doublée de satin rouge, fermeture par ruban. Idéale pour une tenue de vampire élégante.</p><ul><li>Longueur 80 cm</li><li>Col relevé rigide</li><li>Taille unique 5 à 10 ans</li></ul>",Lanterne Démo,Costumes enfants,"costumes-enfants, halloween, accessoires",TRUE,Title,Default Title,VAMP-K,250,shopify,30,deny,manual,19.90,,TRUE,TRUE,,,,FALSE,Cape de mini vampire | Lanterne,"Cape noire à col haut doublée de satin rouge, fermeture par ruban. Idéale pour une tenue de vampire élégante.",g,active
squelette-phosphorescent,Costume de squelette phosphorescent,<p>Combinaison noire avec os imprimés qui brillent dans le noir. Capuche en forme de crâne incluse.</p><ul><li>Imprimé phosphorescent</li><li>Capuche crâne</li><li>Tailles 4 à 10 ans</li></ul>,Lanterne Démo,Costumes enfants,"costumes-enfants, halloween",TRUE,Taille,4-6 ans,SQUE-46,420,shopify,14,deny,manual,27.90,,TRUE,TRUE,,,,FALSE,Costume de squelette phosphorescent | Lanterne,Combinaison noire avec os imprimés qui brillent dans le noir. Capuche en forme de crâne incluse.,g,active
squelette-phosphorescent,,,,,,,Taille,7-10 ans,SQUE-710,420,shopify,14,deny,manual,27.90,,TRUE,TRUE,,,,,,,g,
cape-vampire-velours,Cape de vampire en velours,"<p>Longue cape en velours noir doublée de satin bordeaux, col haut et agrafe argentée. La pièce maîtresse d’un déguisement de vampire sobre et élégant.</p><ul><li>Longueur 130 cm</li><li>Velours épais, doublure satin</li><li>Taille unique adulte</li></ul>",Lanterne Démo,Costumes adultes,"costumes-adultes, halloween",TRUE,Title,Default Title,VAMP-A,700,shopify,18,deny,manual,44.90,,TRUE,TRUE,,,,FALSE,Cape de vampire en velours | Lanterne,"Longue cape en velours noir doublée de satin bordeaux, col haut et agrafe argentée. La pièce maîtresse d’un déguisement de vampire sobre et élégant.",g,active
robe-sorciere-gothique,Robe de sorcière gothique,"<p>Robe longue noire à manches évasées et corset lacé, jupe asymétrique en tulle. Un style sorcière élégant, pensé pour les soirées costumées.</p><ul><li>Corset lacé dans le dos</li><li>Jupe en tulle asymétrique</li><li>Tailles S à L</li></ul>",Lanterne Démo,Costumes adultes,"costumes-adultes, halloween",TRUE,Taille,S,ROBE-S,800,shopify,6,deny,manual,59.90,,TRUE,TRUE,,,,FALSE,Robe de sorcière gothique | Lanterne,"Robe longue noire à manches évasées et corset lacé, jupe asymétrique en tulle. Un style sorcière élégant, pensé pour les soirées costumées.",g,active
robe-sorciere-gothique,,,,,,,Taille,M,ROBE-M,800,shopify,8,deny,manual,59.90,,TRUE,TRUE,,,,,,,g,
robe-sorciere-gothique,,,,,,,Taille,L,ROBE-L,800,shopify,0,deny,manual,59.90,,TRUE,TRUE,,,,,,,g,
faucheuse,Costume de Faucheuse,<p>Grande robe à capuche noire effilochée avec manches amples et cordon de taille. Faux non incluse. Effet saisissant garanti.</p><ul><li>Robe à capuche</li><li>Tissu léger et respirant</li><li>Taille unique adulte</li></ul>,Lanterne Démo,Costumes adultes,"costumes-adultes, halloween",TRUE,Title,Default Title,FAUC-A,600,shopify,0,deny,manual,39.90,,TRUE,TRUE,,,,FALSE,Costume de Faucheuse | Lanterne,Grande robe à capuche noire effilochée avec manches amples et cordon de taille. Faux non incluse. Effet saisissant garanti.,g,active
manteau-comte,Manteau de comte Dracula,"<p>Manteau long de style gothique avec col droit, boutons dorés et poignets brodés. À porter seul ou avec la cape de vampire.</p><ul><li>Doublure intérieure</li><li>Boutons dorés</li><li>Tailles M à XL</li></ul>",Lanterne Démo,Costumes adultes,"costumes-adultes, halloween",TRUE,Taille,M,DRAC-M,1100,shopify,5,deny,manual,79.90,,TRUE,TRUE,,,,FALSE,Manteau de comte Dracula | Lanterne,"Manteau long de style gothique avec col droit, boutons dorés et poignets brodés. À porter seul ou avec la cape de vampire.",g,active
manteau-comte,,,,,,,Taille,L,DRAC-L,1100,shopify,5,deny,manual,79.90,,TRUE,TRUE,,,,,,,g,
manteau-comte,,,,,,,Taille,XL,DRAC-XL,1100,shopify,4,deny,manual,79.90,,TRUE,TRUE,,,,,,,g,
lanterne-citrouille-led,Lanterne citrouille LED,"<p>Citrouille décorative en résine avec lumière LED chaude à effet bougie. Fonctionne sans flamme, en intérieur comme en extérieur couvert.</p><ul><li>Hauteur 22 cm</li><li>Fonctionne avec 3 piles AA (non incluses)</li><li>Minuteur automatique 6 h</li></ul>",Lanterne Démo,Décorations,"decorations, halloween",TRUE,Title,Default Title,LANT-LED,500,shopify,40,deny,manual,24.90,,TRUE,TRUE,,,,FALSE,Lanterne citrouille LED | Lanterne,"Citrouille décorative en résine avec lumière LED chaude à effet bougie. Fonctionne sans flamme, en intérieur comme en extérieur couvert.",g,active
guirlande-chauves-souris,Guirlande de chauves-souris,"<p>Guirlande de 3 mètres avec 24 chauves-souris noires en papier épais à suspendre aux fenêtres, portes et cheminées.</p><ul><li>Longueur 3 m</li><li>Facile à accrocher</li><li>Réutilisable</li></ul>",Lanterne Démo,Décorations,"decorations, halloween",TRUE,Title,Default Title,GUIR-CS,120,shopify,60,deny,manual,12.90,,TRUE,TRUE,,,,FALSE,Guirlande de chauves-souris | Lanterne,"Guirlande de 3 mètres avec 24 chauves-souris noires en papier épais à suspendre aux fenêtres, portes et cheminées.",g,active
squelette-geant-150,Squelette géant 150 cm,<p>Squelette articulé de 150 cm à poser ou à suspendre. Les articulations permettent de lui donner la pose de votre choix.</p><ul><li>Hauteur 150 cm</li><li>Articulations mobiles</li><li>Crochet de suspension inclus</li></ul>,Lanterne Démo,Décorations,"decorations, halloween, promo",TRUE,Title,Default Title,SQUE-150,1500,shopify,20,deny,manual,49.90,69.90,TRUE,TRUE,,,,FALSE,Squelette géant 150 cm | Lanterne,Squelette articulé de 150 cm à poser ou à suspendre. Les articulations permettent de lui donner la pose de votre choix.,g,active
toile-araignee,Toile d’araignée extensible,"<p>Toile blanche extensible à étirer pour couvrir un coin de pièce, un meuble ou une porte. Livrée avec deux araignées noires.</p><ul><li>Surface étirée jusqu’à 2 m²</li><li>2 araignées incluses</li></ul>",Lanterne Démo,Décorations,"decorations, halloween",TRUE,Title,Default Title,TOIL-ARA,60,shopify,80,deny,manual,5.90,,TRUE,TRUE,,,,FALSE,Toile d’araignée extensible | Lanterne,"Toile blanche extensible à étirer pour couvrir un coin de pièce, un meuble ou une porte. Livrée avec deux araignées noires.",g,active
chapeau-sorciere,Chapeau de sorcière,"<p>Grand chapeau pointu en feutre noir, orné d’un ruban violet et d’une boucle dorée. Peut compléter n’importe quel costume.</p><ul><li>Hauteur 40 cm</li><li>Tour de tête ajustable</li></ul>",Lanterne Démo,Accessoires,"accessoires, halloween, promo",TRUE,Title,Default Title,CHAP-SOR,200,shopify,35,deny,manual,14.90,19.90,TRUE,TRUE,,,,FALSE,Chapeau de sorcière | Lanterne,"Grand chapeau pointu en feutre noir, orné d’un ruban violet et d’une boucle dorée. Peut compléter n’importe quel costume.",g,active
masque-venitien,Masque vénitien noir et or,"<p>Masque rigide noir avec motifs dorés peints à la main, fermeture par ruban de satin. Pour un bal masqué d’Halloween chic.</p><ul><li>Confortable et léger</li><li>Taille unique</li></ul>",Lanterne Démo,Accessoires,"accessoires, halloween",TRUE,Title,Default Title,MASK-VEN,100,shopify,25,deny,manual,17.90,,TRUE,TRUE,,,,FALSE,Masque vénitien noir et or | Lanterne,"Masque rigide noir avec motifs dorés peints à la main, fermeture par ruban de satin. Pour un bal masqué d’Halloween chic.",g,active
bougies-led-vacillantes,Bougies LED vacillantes (lot de 6),"<p>Six bougies LED sans flamme à effet vacillant réaliste. Parfaites pour une ambiance tamisée sur un buffet, un escalier ou une fenêtre.</p><ul><li>Lot de 6, hauteur 12 cm</li><li>Piles incluses</li><li>Interrupteur marche/arrêt</li></ul>",Lanterne Démo,Décorations,"decorations, accessoires, halloween",TRUE,Title,Default Title,BOUG-LED6,400,shopify,50,deny,manual,19.90,,TRUE,TRUE,,,,FALSE,Bougies LED vacillantes (lot de 6) | Lanterne,"Six bougies LED sans flamme à effet vacillant réaliste. Parfaites pour une ambiance tamisée sur un buffet, un escalier ou une fenêtre.",g,active
panier-bonbons-citrouille,Panier à bonbons citrouille,"<p>Panier orange en forme de citrouille avec anse solide, assez grand pour une grande tournée de bonbons.</p><ul><li>Diamètre 20 cm</li><li>Anse renforcée</li></ul>",Lanterne Démo,Accessoires,"accessoires, costumes-enfants, halloween",TRUE,Title,Default Title,PANI-CIT,150,shopify,45,deny,manual,7.90,,TRUE,TRUE,,,,FALSE,Panier à bonbons citrouille | Lanterne,"Panier orange en forme de citrouille avec anse solide, assez grand pour une grande tournée de bonbons.",g,active
